{"search":"","showTags":false,"showAttachments":false,"hideUnresolved":false,"showOrphans":false,"showArrow":true,"nodeSizeMultiplier":1.75239889705882,"lineSizeMultiplier":2.40858455882353,"centerStrength":0.394209558823529,"repelStrength":13.5716911764706,"linkStrength":1,"linkDistance":156,"scale":0.7631428283688886}